"1","
"
"1","$content
"
"1","   [1]"
"1"," 7b"
"1"," 22"
"1"," 64"
"1"," 61"
"1"," 74"
"1"," 61"
"1"," 22"
"1"," 3a"
"1"," 5b"
"1"," 7b"
"1"," 22"
"1"," 63"
"1"," 6f"
"1"," 75"
"1"," 6e"
"1"," 74"
"1"," 72"
"1"," 79"
"1"," 5f"
"1"," 63"
"1"," 75"
"1"," 72"
"1"," 72"
"1"," 65"
"1"," 6e"
"1"," 63"
"1"," 79"
"1"," 5f"
"1"," 64"
"1"," 65"
"1"," 73"
"1"," 63"
"1"," 22"
"1"," 3a"
"1"," 22"
"1"," 41"
"1"," 46"
"1"," 47"
"1","
"
"1","  [39]"
"1"," 48"
"1"," 41"
"1"," 4e"
"1"," 49"
"1"," 53"
"1"," 54"
"1"," 41"
"1"," 4e"
"1"," 2d"
"1"," 41"
"1"," 46"
"1"," 47"
"1"," 48"
"1"," 41"
"1"," 4e"
"1"," 49"
"1"," 22"
"1"," 2c"
"1"," 22"
"1"," 65"
"1"," 78"
"1"," 63"
"1"," 68"
"1"," 61"
"1"," 6e"
"1"," 67"
"1"," 65"
"1"," 5f"
"1"," 72"
"1"," 61"
"1"," 74"
"1"," 65"
"1"," 22"
"1"," 3a"
"1"," 22"
"1"," 36"
"1"," 30"
"1"," 2e"
"1","
"
"1","  [77]"
"1"," 32"
"1"," 36"
"1"," 22"
"1"," 2c"
"1"," 22"
"1"," 72"
"1"," 65"
"1"," 63"
"1"," 6f"
"1"," 72"
"1"," 64"
"1"," 5f"
"1"," 64"
"1"," 61"
"1"," 74"
"1"," 65"
"1"," 22"
"1"," 3a"
"1"," 22"
"1"," 32"
"1"," 30"
"1"," 31"
"1"," 35"
"1"," 2d"
"1"," 30"
"1"," 36"
"1"," 2d"
"1"," 33"
"1"," 30"
"1"," 22"
"1"," 7d"
"1"," 2c"
"1"," 7b"
"1"," 22"
"1"," 63"
"1"," 6f"
"1"," 75"
"1"," 6e"
"1","
"
"1"," [115]"
"1"," 74"
"1"," 72"
"1"," 79"
"1"," 5f"
"1"," 63"
"1"," 75"
"1"," 72"
"1"," 72"
"1"," 65"
"1"," 6e"
"1"," 63"
"1"," 79"
"1"," 5f"
"1"," 64"
"1"," 65"
"1"," 73"
"1"," 63"
"1"," 22"
"1"," 3a"
"1"," 22"
"1"," 41"
"1"," 46"
"1"," 47"
"1"," 48"
"1"," 41"
"1"," 4e"
"1"," 49"
"1"," 53"
"1"," 54"
"1"," 41"
"1"," 4e"
"1"," 2d"
"1"," 41"
"1"," 46"
"1"," 47"
"1"," 48"
"1"," 41"
"1"," 4e"
"1","
"
"1"," [153]"
"1"," 49"
"1"," 22"
"1"," 2c"
"1"," 22"
"1"," 65"
"1"," 78"
"1"," 63"
"1"," 68"
"1"," 61"
"1"," 6e"
"1"," 67"
"1"," 65"
"1"," 5f"
"1"," 72"
"1"," 61"
"1"," 74"
"1"," 65"
"1"," 22"
"1"," 3a"
"1"," 22"
"1"," 36"
"1"," 33"
"1"," 2e"
"1"," 38"
"1"," 22"
"1"," 2c"
"1"," 22"
"1"," 72"
"1"," 65"
"1"," 63"
"1"," 6f"
"1"," 72"
"1"," 64"
"1"," 5f"
"1"," 64"
"1"," 61"
"1"," 74"
"1"," 65"
"1","
"
"1"," [191]"
"1"," 22"
"1"," 3a"
"1"," 22"
"1"," 32"
"1"," 30"
"1"," 31"
"1"," 35"
"1"," 2d"
"1"," 30"
"1"," 39"
"1"," 2d"
"1"," 33"
"1"," 30"
"1"," 22"
"1"," 7d"
"1"," 2c"
"1"," 7b"
"1"," 22"
"1"," 63"
"1"," 6f"
"1"," 75"
"1"," 6e"
"1"," 74"
"1"," 72"
"1"," 79"
"1"," 5f"
"1"," 63"
"1"," 75"
"1"," 72"
"1"," 72"
"1"," 65"
"1"," 6e"
"1"," 63"
"1"," 79"
"1"," 5f"
"1"," 64"
"1"," 65"
"1"," 73"
"1","
"
"1"," [229]"
"1"," 63"
"1"," 22"
"1"," 3a"
"1"," 22"
"1"," 41"
"1"," 46"
"1"," 47"
"1"," 48"
"1"," 41"
"1"," 4e"
"1"," 49"
"1"," 53"
"1"," 54"
"1"," 41"
"1"," 4e"
"1"," 2d"
"1"," 41"
"1"," 46"
"1"," 47"
"1"," 48"
"1"," 41"
"1"," 4e"
"1"," 49"
"1"," 22"
"1"," 2c"
"1"," 22"
"1"," 65"
"1"," 78"
"1"," 63"
"1"," 68"
"1"," 61"
"1"," 6e"
"1"," 67"
"1"," 65"
"1"," 5f"
"1"," 72"
"1"," 61"
"1"," 74"
"1","
"
"1"," [267]"
"1"," 65"
"1"," 22"
"1"," 3a"
"1"," 22"
"1"," 36"
"1"," 38"
"1"," 2e"
"1"," 34"
"1"," 35"
"1"," 22"
"1"," 2c"
"1"," 22"
"1"," 72"
"1"," 65"
"1"," 63"
"1"," 6f"
"1"," 72"
"1"," 64"
"1"," 5f"
"1"," 64"
"1"," 61"
"1"," 74"
"1"," 65"
"1"," 22"
"1"," 3a"
"1"," 22"
"1"," 32"
"1"," 30"
"1"," 31"
"1"," 36"
"1"," 2d"
"1"," 30"
"1"," 33"
"1"," 2d"
"1"," 33"
"1"," 31"
"1"," 22"
"1"," 7d"
"1","
"
"1"," [305]"
"1"," 2c"
"1"," 7b"
"1"," 22"
"1"," 63"
"1"," 6f"
"1"," 75"
"1"," 6e"
"1"," 74"
"1"," 72"
"1"," 79"
"1"," 5f"
"1"," 63"
"1"," 75"
"1"," 72"
"1"," 72"
"1"," 65"
"1"," 6e"
"1"," 63"
"1"," 79"
"1"," 5f"
"1"," 64"
"1"," 65"
"1"," 73"
"1"," 63"
"1"," 22"
"1"," 3a"
"1"," 22"
"1"," 41"
"1"," 46"
"1"," 47"
"1"," 48"
"1"," 41"
"1"," 4e"
"1"," 49"
"1"," 53"
"1"," 54"
"1"," 41"
"1"," 4e"
"1","
"
"1"," [343]"
"1"," 2d"
"1"," 41"
"1"," 46"
"1"," 47"
"1"," 48"
"1"," 41"
"1"," 4e"
"1"," 49"
"1"," 22"
"1"," 2c"
"1"," 22"
"1"," 65"
"1"," 78"
"1"," 63"
"1"," 68"
"1"," 61"
"1"," 6e"
"1"," 67"
"1"," 65"
"1"," 5f"
"1"," 72"
"1"," 61"
"1"," 74"
"1"," 65"
"1"," 22"
"1"," 3a"
"1"," 22"
"1"," 36"
"1"," 38"
"1"," 2e"
"1"," 32"
"1"," 32"
"1"," 22"
"1"," 2c"
"1"," 22"
"1"," 72"
"1"," 65"
"1"," 63"
"1","
"
"1"," [381]"
"1"," 6f"
"1"," 72"
"1"," 64"
"1"," 5f"
"1"," 64"
"1"," 61"
"1"," 74"
"1"," 65"
"1"," 22"
"1"," 3a"
"1"," 22"
"1"," 32"
"1"," 30"
"1"," 31"
"1"," 36"
"1"," 2d"
"1"," 30"
"1"," 36"
"1"," 2d"
"1"," 33"
"1"," 30"
"1"," 22"
"1"," 7d"
"1"," 2c"
"1"," 7b"
"1"," 22"
"1"," 63"
"1"," 6f"
"1"," 75"
"1"," 6e"
"1"," 74"
"1"," 72"
"1"," 79"
"1"," 5f"
"1"," 63"
"1"," 75"
"1"," 72"
"1"," 72"
"1","
"
"1"," [419]"
"1"," 65"
"1"," 6e"
"1"," 63"
"1"," 79"
"1"," 5f"
"1"," 64"
"1"," 65"
"1"," 73"
"1"," 63"
"1"," 22"
"1"," 3a"
"1"," 22"
"1"," 41"
"1"," 46"
"1"," 47"
"1"," 48"
"1"," 41"
"1"," 4e"
"1"," 49"
"1"," 53"
"1"," 54"
"1"," 41"
"1"," 4e"
"1"," 2d"
"1"," 41"
"1"," 46"
"1"," 47"
"1"," 48"
"1"," 41"
"1"," 4e"
"1"," 49"
"1"," 22"
"1"," 2c"
"1"," 22"
"1"," 65"
"1"," 78"
"1"," 63"
"1"," 68"
"1","
"
"1"," [457]"
"1"," 61"
"1"," 6e"
"1"," 67"
"1"," 65"
"1"," 5f"
"1"," 72"
"1"," 61"
"1"," 74"
"1"," 65"
"1"," 22"
"1"," 3a"
"1"," 22"
"1"," 36"
"1"," 37"
"1"," 2e"
"1"," 39"
"1"," 22"
"1"," 2c"
"1"," 22"
"1"," 72"
"1"," 65"
"1"," 63"
"1"," 6f"
"1"," 72"
"1"," 64"
"1"," 5f"
"1"," 64"
"1"," 61"
"1"," 74"
"1"," 65"
"1"," 22"
"1"," 3a"
"1"," 22"
"1"," 32"
"1"," 30"
"1"," 31"
"1"," 35"
"1"," 2d"
"1","
"
"1"," [495]"
"1"," 31"
"1"," 32"
"1"," 2d"
"1"," 33"
"1"," 31"
"1"," 22"
"1"," 7d"
"1"," 2c"
"1"," 7b"
"1"," 22"
"1"," 63"
"1"," 6f"
"1"," 75"
"1"," 6e"
"1"," 74"
"1"," 72"
"1"," 79"
"1"," 5f"
"1"," 63"
"1"," 75"
"1"," 72"
"1"," 72"
"1"," 65"
"1"," 6e"
"1"," 63"
"1"," 79"
"1"," 5f"
"1"," 64"
"1"," 65"
"1"," 73"
"1"," 63"
"1"," 22"
"1"," 3a"
"1"," 22"
"1"," 41"
"1"," 46"
"1"," 47"
"1"," 48"
"1","
"
"1"," [533]"
"1"," 41"
"1"," 4e"
"1"," 49"
"1"," 53"
"1"," 54"
"1"," 41"
"1"," 4e"
"1"," 2d"
"1"," 41"
"1"," 46"
"1"," 47"
"1"," 48"
"1"," 41"
"1"," 4e"
"1"," 49"
"1"," 22"
"1"," 2c"
"1"," 22"
"1"," 65"
"1"," 78"
"1"," 63"
"1"," 68"
"1"," 61"
"1"," 6e"
"1"," 67"
"1"," 65"
"1"," 5f"
"1"," 72"
"1"," 61"
"1"," 74"
"1"," 65"
"1"," 22"
"1"," 3a"
"1"," 22"
"1"," 35"
"1"," 37"
"1"," 2e"
"1"," 33"
"1","
"
"1"," [571]"
"1"," 34"
"1"," 22"
"1"," 2c"
"1"," 22"
"1"," 72"
"1"," 65"
"1"," 63"
"1"," 6f"
"1"," 72"
"1"," 64"
"1"," 5f"
"1"," 64"
"1"," 61"
"1"," 74"
"1"," 65"
"1"," 22"
"1"," 3a"
"1"," 22"
"1"," 32"
"1"," 30"
"1"," 31"
"1"," 35"
"1"," 2d"
"1"," 30"
"1"," 33"
"1"," 2d"
"1"," 33"
"1"," 31"
"1"," 22"
"1"," 7d"
"1"," 2c"
"1"," 7b"
"1"," 22"
"1"," 63"
"1"," 6f"
"1"," 75"
"1"," 6e"
"1"," 74"
"1","
"
"1"," [609]"
"1"," 72"
"1"," 79"
"1"," 5f"
"1"," 63"
"1"," 75"
"1"," 72"
"1"," 72"
"1"," 65"
"1"," 6e"
"1"," 63"
"1"," 79"
"1"," 5f"
"1"," 64"
"1"," 65"
"1"," 73"
"1"," 63"
"1"," 22"
"1"," 3a"
"1"," 22"
"1"," 41"
"1"," 46"
"1"," 47"
"1"," 48"
"1"," 41"
"1"," 4e"
"1"," 49"
"1"," 53"
"1"," 54"
"1"," 41"
"1"," 4e"
"1"," 2d"
"1"," 41"
"1"," 46"
"1"," 47"
"1"," 48"
"1"," 41"
"1"," 4e"
"1"," 49"
"1","
"
"1"," [647]"
"1"," 22"
"1"," 2c"
"1"," 22"
"1"," 65"
"1"," 78"
"1"," 63"
"1"," 68"
"1"," 61"
"1"," 6e"
"1"," 67"
"1"," 65"
"1"," 5f"
"1"," 72"
"1"," 61"
"1"," 74"
"1"," 65"
"1"," 22"
"1"," 3a"
"1"," 22"
"1"," 36"
"1"," 39"
"1"," 2e"
"1"," 33"
"1"," 32"
"1"," 22"
"1"," 2c"
"1"," 22"
"1"," 72"
"1"," 65"
"1"," 63"
"1"," 6f"
"1"," 72"
"1"," 64"
"1"," 5f"
"1"," 64"
"1"," 61"
"1"," 74"
"1"," 65"
"1","
"
"1"," [685]"
"1"," 22"
"1"," 3a"
"1"," 22"
"1"," 32"
"1"," 30"
"1"," 31"
"1"," 37"
"1"," 2d"
"1"," 31"
"1"," 32"
"1"," 2d"
"1"," 33"
"1"," 31"
"1"," 22"
"1"," 7d"
"1"," 2c"
"1"," 7b"
"1"," 22"
"1"," 63"
"1"," 6f"
"1"," 75"
"1"," 6e"
"1"," 74"
"1"," 72"
"1"," 79"
"1"," 5f"
"1"," 63"
"1"," 75"
"1"," 72"
"1"," 72"
"1"," 65"
"1"," 6e"
"1"," 63"
"1"," 79"
"1"," 5f"
"1"," 64"
"1"," 65"
"1"," 73"
"1","
"
"1"," [723]"
"1"," 63"
"1"," 22"
"1"," 3a"
"1"," 22"
"1"," 41"
"1"," 46"
"1"," 47"
"1"," 48"
"1"," 41"
"1"," 4e"
"1"," 49"
"1"," 53"
"1"," 54"
"1"," 41"
"1"," 4e"
"1"," 2d"
"1"," 41"
"1"," 46"
"1"," 47"
"1"," 48"
"1"," 41"
"1"," 4e"
"1"," 49"
"1"," 22"
"1"," 2c"
"1"," 22"
"1"," 65"
"1"," 78"
"1"," 63"
"1"," 68"
"1"," 61"
"1"," 6e"
"1"," 67"
"1"," 65"
"1"," 5f"
"1"," 72"
"1"," 61"
"1"," 74"
"1","
"
"1"," [761]"
"1"," 65"
"1"," 22"
"1"," 3a"
"1"," 22"
"1"," 36"
"1"," 35"
"1"," 2e"
"1"," 31"
"1"," 35"
"1"," 22"
"1"," 2c"
"1"," 22"
"1"," 72"
"1"," 65"
"1"," 63"
"1"," 6f"
"1"," 72"
"1"," 64"
"1"," 5f"
"1"," 64"
"1"," 61"
"1"," 74"
"1"," 65"
"1"," 22"
"1"," 3a"
"1"," 22"
"1"," 32"
"1"," 30"
"1"," 31"
"1"," 37"
"1"," 2d"
"1"," 30"
"1"," 39"
"1"," 2d"
"1"," 33"
"1"," 30"
"1"," 22"
"1"," 7d"
"1","
"
"1"," [799]"
"1"," 2c"
"1"," 7b"
"1"," 22"
"1"," 63"
"1"," 6f"
"1"," 75"
"1"," 6e"
"1"," 74"
"1"," 72"
"1"," 79"
"1"," 5f"
"1"," 63"
"1"," 75"
"1"," 72"
"1"," 72"
"1"," 65"
"1"," 6e"
"1"," 63"
"1"," 79"
"1"," 5f"
"1"," 64"
"1"," 65"
"1"," 73"
"1"," 63"
"1"," 22"
"1"," 3a"
"1"," 22"
"1"," 41"
"1"," 46"
"1"," 47"
"1"," 48"
"1"," 41"
"1"," 4e"
"1"," 49"
"1"," 53"
"1"," 54"
"1"," 41"
"1"," 4e"
"1","
"
"1"," [837]"
"1"," 2d"
"1"," 41"
"1"," 46"
"1"," 47"
"1"," 48"
"1"," 41"
"1"," 4e"
"1"," 49"
"1"," 22"
"1"," 2c"
"1"," 22"
"1"," 65"
"1"," 78"
"1"," 63"
"1"," 68"
"1"," 61"
"1"," 6e"
"1"," 67"
"1"," 65"
"1"," 5f"
"1"," 72"
"1"," 61"
"1"," 74"
"1"," 65"
"1"," 22"
"1"," 3a"
"1"," 22"
"1"," 36"
"1"," 37"
"1"," 2e"
"1"," 39"
"1"," 35"
"1"," 22"
"1"," 2c"
"1"," 22"
"1"," 72"
"1"," 65"
"1"," 63"
"1","
"
"1"," [875]"
"1"," 6f"
"1"," 72"
"1"," 64"
"1"," 5f"
"1"," 64"
"1"," 61"
"1"," 74"
"1"," 65"
"1"," 22"
"1"," 3a"
"1"," 22"
"1"," 32"
"1"," 30"
"1"," 31"
"1"," 37"
"1"," 2d"
"1"," 30"
"1"," 36"
"1"," 2d"
"1"," 33"
"1"," 30"
"1"," 22"
"1"," 7d"
"1"," 2c"
"1"," 7b"
"1"," 22"
"1"," 63"
"1"," 6f"
"1"," 75"
"1"," 6e"
"1"," 74"
"1"," 72"
"1"," 79"
"1"," 5f"
"1"," 63"
"1"," 75"
"1"," 72"
"1"," 72"
"1","
"
"1"," [913]"
"1"," 65"
"1"," 6e"
"1"," 63"
"1"," 79"
"1"," 5f"
"1"," 64"
"1"," 65"
"1"," 73"
"1"," 63"
"1"," 22"
"1"," 3a"
"1"," 22"
"1"," 41"
"1"," 46"
"1"," 47"
"1"," 48"
"1"," 41"
"1"," 4e"
"1"," 49"
"1"," 53"
"1"," 54"
"1"," 41"
"1"," 4e"
"1"," 2d"
"1"," 41"
"1"," 46"
"1"," 47"
"1"," 48"
"1"," 41"
"1"," 4e"
"1"," 49"
"1"," 22"
"1"," 2c"
"1"," 22"
"1"," 65"
"1"," 78"
"1"," 63"
"1"," 68"
"1","
"
"1"," [951]"
"1"," 61"
"1"," 6e"
"1"," 67"
"1"," 65"
"1"," 5f"
"1"," 72"
"1"," 61"
"1"," 74"
"1"," 65"
"1"," 22"
"1"," 3a"
"1"," 22"
"1"," 36"
"1"," 35"
"1"," 2e"
"1"," 33"
"1"," 35"
"1"," 22"
"1"," 2c"
"1"," 22"
"1"," 72"
"1"," 65"
"1"," 63"
"1"," 6f"
"1"," 72"
"1"," 64"
"1"," 5f"
"1"," 64"
"1"," 61"
"1"," 74"
"1"," 65"
"1"," 22"
"1"," 3a"
"1"," 22"
"1"," 32"
"1"," 30"
"1"," 31"
"1"," 36"
"1","
"
"1"," [989]"
"1"," 2d"
"1"," 30"
"1"," 39"
"1"," 2d"
"1"," 33"
"1"," 30"
"1"," 22"
"1"," 7d"
"1"," 2c"
"1"," 7b"
"1"," 22"
"1"," 63"
"1","
"
"1"," [ reached getOption(""max.print"") -- omitted 9408 entries ]
"
"1","
"
